feedback_id,trip_id,passenger_name,rating
1,1,Kunal Bhatt,2
2,2,Manav Mehta,5
3,3,Ravi Mehta,2
4,4,Vatsal Santoki,4
5,5,Yash Rathod,2
6,6,Harsh Desai,2
7,7,Vatsal Thakkar,4
8,8,Smit Ladani,2
9,9,Ankit Trivedi,5
10,10,Vivek Solanki,1
11,11,Tirth Prajapati,2
12,12,Hardik Chaudhary,3
13,13,Parth Joshi,2
14,14,Rohan Shah,1
15,15,Ravi Bhatt,5
16,16,Aayush Prajapati,5
17,17,Krupal Mehta,2
18,18,Krupal Solanki,3
19,19,Chirag Pandya,1
20,20,Dev Darji,3
21,21,Nikhil Mehta,4
22,22,Darshan Chaudhary,2
23,23,Nisarg Prajapati,3
24,24,Tirth Shah,1
25,25,Rishi Trivedi,3
26,26,Rishi Mehta,2
27,27,Raj Mehta,5
28,28,Sumit Parmar,1
29,29,Nikhil Gohil,2
30,30,Kunal Chaudhary,3
31,31,Harsh Santoki,2
32,32,Nisarg Ladani,1
33,33,Maan Pandya,5
34,34,Aayush Parmar,1
35,35,Raj Desai,1
36,36,Vivek Dave,3
37,37,Yash Solanki,3
38,38,Sumit Shah,1
39,39,Yash Rathod,3
40,40,Rishi Solanki,1
41,41,Maan Solanki,4
42,42,Raj Santoki,3
43,43,Rishi Bhatt,3
44,44,Nikhil Santoki,1
45,45,Parth Solanki,4
46,46,Dev Trivedi,4
47,47,Maan Joshi,1
48,48,Vatsal Parmar,1
49,49,Hiren Trivedi,2
50,50,Harsh Shah,4
51,51,Yash Solanki,2
52,52,Chirag Patel,1
53,53,Vatsal Solanki,2
54,54,Manav Darji,3
55,55,Raj Mehta,3
56,56,Ravi Solanki,5
57,57,Nisarg Santoki,4
58,58,Smit Mehta,2
59,59,Raj Shah,5
60,60,Maan Desai,4
61,61,Aayush Darji,1
62,62,Nikhil Solanki,3
63,63,Dhairya Joshi,2
64,64,Meet Parmar,5
65,65,Vatsal Thakkar,1
66,66,Parth Shah,3
67,67,Chirag Shah,1
68,68,Darshan Prajapati,3
69,69,Kunal Upadhyay,4
70,70,Bhavya Thakkar,4
71,71,Meet Solanki,2
72,72,Maan Dave,1
73,73,Smit Ladani,4
74,74,Krupal Chaudhary,1
75,75,Ravi Gohil,3
76,76,Krupal Gohil,2
77,77,Nikhil Gohil,5
78,78,Darshan Dave,1
79,79,Harsh Solanki,2
80,80,Nikhil Solanki,3
81,81,Sumit Chaudhary,5
82,82,Sumit Gohil,2
83,83,Nisarg Mehta,5
84,84,Dhairya Dave,2
85,85,Meet Thakkar,3
86,86,Krupal Upadhyay,5
87,87,Vatsal Upadhyay,5
88,88,Smit Dave,1
89,89,Darshan Bhatt,1
90,90,Smit Gohil,2
91,91,Smit Desai,5
92,92,Ravi Thakkar,2
93,93,Ankit Chaudhary,5
94,94,Dev Upadhyay,4
95,95,Parth Parmar,1
96,96,Krupal Pandya,4
97,97,Hiren Chaudhary,3
98,98,Yash Ladani,4
99,99,Hiren Joshi,4
100,100,Yash Mehta,4
101,101,Rishi Bhatt,2
102,102,Bhavya Darji,5
103,103,Nikhil Parmar,3
104,104,Pranav Shah,2
105,105,Tirth Parmar,4
106,106,Aayush Prajapati,2
107,107,Rohan Dave,1
108,108,Pranav Ladani,1
109,109,Ravi Desai,4
110,110,Darshan Desai,1
111,111,Kunal Trivedi,4
112,112,Raj Trivedi,5
113,113,Vatsal Darji,2
114,114,Jay Mehta,3
115,115,Nisarg Solanki,2
116,116,Hardik Shah,4
117,117,Chirag Rathod,1
118,118,Nisarg Solanki,4
119,119,Rohan Ladani,3
120,120,Hiren Shah,2
121,121,Ravi Ladani,4
122,122,Hiren Parmar,5
123,123,Aayush Parmar,5
124,124,Chirag Gohil,4
125,125,Chirag Patel,1
126,126,Ravi Prajapati,4
127,127,Dev Parmar,3
128,128,Rishi Trivedi,4
129,129,Darshan Thakkar,3
130,130,Jay Pandya,4
131,131,Pranav Upadhyay,1
132,132,Pranav Desai,5
133,133,Vivek Gohil,1
134,134,Dev Parmar,1
135,135,Dev Shah,4
136,136,Krupal Shah,2
137,137,Ankit Patel,5
138,138,Raj Solanki,2
139,139,Vatsal Santoki,1
140,140,Kunal Chaudhary,3
141,141,Hiren Chaudhary,4
142,142,Tirth Patel,5
143,143,Smit Thakkar,4
144,144,Parth Desai,3
145,145,Pranav Desai,4
146,146,Aayush Prajapati,2
147,147,Harsh Upadhyay,1
148,148,Bhavya Ladani,4
149,149,Dev Parmar,1
150,150,Meet Upadhyay,4
151,151,Kunal Bhatt,3
152,152,Nisarg Mehta,5
153,153,Manav Solanki,3
154,154,Rishi Joshi,4
155,155,Dev Gohil,1
156,156,Harsh Patel,5
157,157,Maan Thakkar,3
158,158,Harsh Darji,4
159,159,Yash Upadhyay,4
160,160,Ravi Rathod,1
161,161,Vatsal Trivedi,1
162,162,Yash Rathod,3
163,163,Darshan Ladani,1
164,164,Rishi Dave,2
165,165,Dhairya Darji,2
166,166,Hardik Desai,5
167,167,Pranav Shah,5
168,168,Yash Solanki,4
169,169,Nisarg Shah,3
170,170,Dev Santoki,5
171,171,Jay Desai,2
172,172,Sumit Thakkar,4
173,173,Chirag Desai,3
174,174,Meet Prajapati,5
175,175,Krupal Solanki,5
176,176,Ravi Desai,1
177,177,Darshan Santoki,5
178,178,Chirag Gohil,3
179,179,Sumit Dave,2
180,180,Rishi Patel,2
181,181,Yash Desai,1
182,182,Ankit Thakkar,2
183,183,Vatsal Bhatt,1
184,184,Smit Solanki,2
185,185,Jay Solanki,3
186,186,Maan Ladani,3
187,187,Bhavya Bhatt,3
188,188,Darshan Dave,2
189,189,Kunal Thakkar,3
190,190,Parth Chaudhary,5
191,191,Sumit Ladani,2
192,192,Nikhil Rathod,1
193,193,Maan Thakkar,1
194,194,Vatsal Patel,3
195,195,Vatsal Parmar,3
196,196,Vivek Chaudhary,1
197,197,Harsh Prajapati,5
198,198,Kunal Darji,3
199,199,Raj Chaudhary,5
200,200,Maan Patel,5
201,201,Ravi Patel,3
202,202,Kunal Rathod,1
203,203,Chirag Pandya,3
204,204,Vivek Gohil,4
205,205,Rishi Darji,3
206,206,Darshan Desai,3
207,207,Rohan Mehta,4
208,208,Sumit Shah,3
209,209,Chirag Chaudhary,2
210,210,Darshan Bhatt,4
211,211,Meet Dave,4
212,212,Bhavya Chaudhary,1
213,213,Harsh Desai,5
214,214,Hiren Rathod,5
215,215,Nisarg Desai,3
216,216,Sumit Bhatt,5
217,217,Rohan Parmar,2
218,218,Yash Darji,2
219,219,Dev Santoki,1
220,220,Raj Joshi,3
221,221,Smit Ladani,3
222,222,Parth Dave,4
223,223,Yash Trivedi,4
224,224,Ravi Rathod,1
225,225,Harsh Prajapati,3
226,226,Pranav Prajapati,1
227,227,Nikhil Santoki,1
228,228,Ankit Bhatt,3
229,229,Dhairya Solanki,4
230,230,Raj Rathod,4
231,231,Meet Bhatt,4
232,232,Kunal Rathod,2
233,233,Jay Dave,4
234,234,Tirth Dave,2
235,235,Nikhil Dave,4
236,236,Sumit Upadhyay,3
237,237,Yash Santoki,4
238,238,Chirag Upadhyay,2
239,239,Manav Solanki,1
240,240,Smit Solanki,2
241,241,Aayush Pandya,3
242,242,Rishi Prajapati,1
243,243,Rishi Pandya,4
244,244,Krupal Upadhyay,4
245,245,Pranav Dave,1
246,246,Ravi Darji,5
247,247,Vatsal Darji,5
248,248,Rohan Ladani,5
249,249,Smit Dave,4
250,250,Smit Solanki,2
251,251,Raj Trivedi,3
252,252,Rishi Dave,2
253,253,Parth Desai,5
254,254,Hiren Upadhyay,1
255,255,Hiren Dave,1
256,256,Dev Ladani,1
257,257,Parth Darji,4
258,258,Darshan Shah,5
259,259,Hardik Parmar,2
260,260,Rishi Mehta,4
261,261,Ravi Bhatt,2
262,262,Dhairya Pandya,2
263,263,Tirth Darji,2
264,264,Pranav Pandya,2
265,265,Hiren Gohil,5
266,266,Dev Trivedi,1
267,267,Nisarg Shah,2
268,268,Hiren Joshi,3
269,269,Nisarg Desai,3
270,270,Jay Trivedi,5
271,271,Bhavya Prajapati,1
272,272,Vivek Dave,3
273,273,Yash Patel,3
274,274,Dhairya Darji,3
275,275,Kunal Parmar,5
276,276,Jay Dave,4
277,277,Hiren Solanki,4
278,278,Ravi Santoki,5
279,279,Maan Joshi,1
280,280,Vatsal Solanki,5
281,281,Aayush Trivedi,5
282,282,Chirag Thakkar,1
283,283,Chirag Joshi,5
284,284,Pranav Dave,1
285,285,Sumit Trivedi,1
286,286,Yash Trivedi,3
287,287,Hardik Mehta,1
288,288,Raj Trivedi,3
289,289,Jay Pandya,4
290,290,Harsh Bhatt,2
291,291,Chirag Shah,4
292,292,Ravi Gohil,3
293,293,Jay Parmar,5
294,294,Meet Thakkar,4
295,295,Pranav Solanki,5
296,296,Vivek Chaudhary,2
297,297,Yash Mehta,2
298,298,Chirag Thakkar,3
299,299,Darshan Rathod,1
300,300,Manav Chaudhary,2
301,301,Raj Solanki,2
302,302,Bhavya Ladani,5
303,303,Hiren Patel,1
304,304,Yash Desai,5
305,305,Rohan Thakkar,5
306,306,Aayush Prajapati,1
307,307,Nikhil Solanki,4
308,308,Rohan Upadhyay,3
309,309,Meet Prajapati,4
310,310,Ravi Trivedi,3
311,311,Chirag Desai,3
312,312,Chirag Mehta,3
313,313,Rishi Joshi,4
314,314,Vatsal Desai,3
315,315,Nisarg Joshi,5
316,316,Hiren Ladani,4
317,317,Hardik Upadhyay,3
318,318,Yash Trivedi,4
319,319,Sumit Santoki,1
320,320,Ankit Rathod,3
321,321,Chirag Rathod,4
322,322,Nisarg Bhatt,5
323,323,Hardik Shah,5
324,324,Raj Desai,2
325,325,Meet Thakkar,2
326,326,Aayush Thakkar,1
327,327,Manav Solanki,3
328,328,Vatsal Chaudhary,5
329,329,Hardik Upadhyay,5
330,330,Ankit Darji,2
331,331,Nikhil Trivedi,4
332,332,Harsh Patel,2
333,333,Aayush Darji,4
334,334,Bhavya Shah,3
335,335,Yash Patel,1
336,336,Dhairya Darji,1
337,337,Vatsal Prajapati,1
338,338,Dhairya Upadhyay,4
339,339,Darshan Prajapati,3
340,340,Pranav Thakkar,2
341,341,Vivek Pandya,2
342,342,Smit Dave,1
343,343,Darshan Gohil,3
344,344,Kunal Trivedi,1
345,345,Sumit Solanki,2
346,346,Meet Solanki,2
347,347,Vivek Ladani,5
348,348,Maan Dave,1
349,349,Nisarg Shah,4
350,350,Parth Ladani,3
351,351,Manav Solanki,4
352,352,Tirth Upadhyay,1
353,353,Hiren Thakkar,3
354,354,Nikhil Mehta,4
355,355,Harsh Thakkar,2
356,356,Sumit Darji,1
357,357,Bhavya Shah,3
358,358,Harsh Joshi,3
359,359,Jay Pandya,3
360,360,Rohan Joshi,1
361,361,Tirth Rathod,1
362,362,Yash Mehta,4
363,363,Pranav Gohil,5
364,364,Harsh Solanki,1
365,365,Rishi Trivedi,1
366,366,Raj Joshi,5
367,367,Bhavya Chaudhary,4
368,368,Vatsal Ladani,1
369,369,Pranav Gohil,4
370,370,Jay Gohil,1
371,371,Kunal Parmar,2
372,372,Rohan Patel,1
373,373,Dhairya Trivedi,2
374,374,Bhavya Patel,1
375,375,Nisarg Gohil,5
376,376,Hiren Patel,3
377,377,Dhairya Rathod,2
378,378,Raj Pandya,4
379,379,Dev Parmar,2
380,380,Aayush Santoki,3
381,381,Chirag Parmar,3
382,382,Meet Ladani,4
383,383,Ankit Shah,3
384,384,Bhavya Santoki,4
385,385,Harsh Dave,4
386,386,Dev Pandya,5
387,387,Maan Patel,3
388,388,Manav Rathod,2
389,389,Nisarg Santoki,5
390,390,Maan Parmar,5
391,391,Pranav Rathod,5
392,392,Tirth Shah,2
393,393,Harsh Trivedi,3
394,394,Pranav Gohil,2
395,395,Maan Trivedi,4
396,396,Chirag Pandya,1
397,397,Maan Bhatt,2
398,398,Hardik Thakkar,5
399,399,Nisarg Solanki,5
400,400,Rohan Rathod,1
401,401,Chirag Bhatt,1
402,402,Nikhil Solanki,1
403,403,Vatsal Parmar,2
404,404,Yash Patel,4
405,405,Nikhil Shah,2
406,406,Chirag Darji,2
407,407,Darshan Prajapati,5
408,408,Manav Santoki,3
409,409,Meet Chaudhary,5
410,410,Dev Ladani,5
411,411,Smit Trivedi,1
412,412,Pranav Shah,3
413,413,Yash Prajapati,5
414,414,Vatsal Joshi,3
415,415,Ankit Chaudhary,3
416,416,Pranav Thakkar,1
417,417,Tirth Shah,5
418,418,Hiren Dave,3
419,419,Nisarg Rathod,3
420,420,Chirag Bhatt,1
421,421,Ravi Parmar,4
422,422,Nisarg Joshi,5
423,423,Vatsal Upadhyay,5
424,424,Aayush Solanki,3
425,425,Kunal Patel,4
426,426,Harsh Joshi,4
427,427,Ankit Dave,4
428,428,Jay Desai,1
429,429,Pranav Trivedi,3
430,430,Vivek Trivedi,1
431,431,Vivek Bhatt,3
432,432,Maan Parmar,3
433,433,Harsh Darji,3
434,434,Raj Parmar,2
435,435,Jay Ladani,2
436,436,Hiren Rathod,2
437,437,Rohan Shah,1
438,438,Harsh Gohil,4
439,439,Nisarg Solanki,1
440,440,Darshan Parmar,4
441,441,Ravi Shah,5
442,442,Smit Patel,3
443,443,Maan Santoki,2
444,444,Chirag Parmar,1
445,445,Rishi Prajapati,1
446,446,Krupal Pandya,1
447,447,Maan Pandya,1
448,448,Dhairya Pandya,3
449,449,Dev Prajapati,4
